<?xml version="1.0" encoding="UTF-8" ?>
<!--
 ! (c) Copyright 2005-2013 JAXIO, http://www.jaxio.com
 ! Source code generated by Celerio, a Jaxio product
 ! Want to use Celerio within your company? email us at info@jaxio.com
 ! Follow us on twitter: @springfuse
 ! Template pack-backend-jpa:src/main/resources/localization/domain/domain.e.vm.xml
-->
<!DOCTYPE properties SYSTEM "http://java.sun.com/dtd/properties.dtd">
<properties>
	<comment>Domain resources for Person</comment>

	<entry key="person">Person</entry>

	<!-- attributes -->
	<entry key="person_id">Id</entry>
	<entry key="person_username">Username</entry>
	<entry key="person_password">Password</entry>
	<entry key="person_email">Email</entry>
	<entry key="person_isEnabled">Is Enabled?</entry>
	<entry key="person_civility">Civility</entry>
	<entry key="person_firstName">First Name</entry>
	<entry key="person_lastName">Last Name</entry>
	<entry key="person_birthDate">Birth Date</entry>
	<entry key="person_version">Version</entry>
	<entry key="person_photo">Photo</entry>

	<!-- enums values -->
	<entry key="Civility_MR">Mr.</entry>
	<entry key="Civility_MRS">Mrs.</entry>
	<entry key="Civility_MS">Miss</entry>

	<!-- many-to-many -->
	<entry key="person_securityRoles">Security Roles</entry>

	<!-- uniques -->
	<entry key="person_email_already_exists">Email already exists</entry>
	<entry key="person_username_already_exists">Username already exists</entry>
	<entry key="person_composite_unique_constraint_error">A composite unique constraint has failed on Person</entry>
</properties>