<?xml version="1.0" encoding="UTF-8" ?>
<!--
 ! (c) Copyright 2005-2013 JAXIO, http://www.jaxio.com
 ! Source code generated by Celerio, a Jaxio product
 ! Want to use Celerio within your company? email us at info@jaxio.com
 ! Follow us on twitter: @springfuse
 ! Template pack-backend-jpa:src/main/resources/logback.p.vm.xml
-->
<configuration>
	<appender name="Console" class="ch.qos.logback.core.ConsoleAppender">
		<encoder>
			<pattern>%-5level %C{3}.%M %m%n</pattern>
		</encoder>
	</appender>

	<appender name="File" class="ch.qos.logback.core.rolling.RollingFileAppender">
		<file>target/@project.name@-@project.version@.log</file>
		<rollingPolicy class="ch.qos.logback.core.rolling.FixedWindowRollingPolicy">
			<fileNamePattern>@project.name@-@project.version@.%i.log</fileNamePattern>
			<minIndex>1</minIndex>
			<maxIndex>5</maxIndex>
		</rollingPolicy>
		<triggeringPolicy class="ch.qos.logback.core.rolling.SizeBasedTriggeringPolicy">
			<maxFileSize>1MB</maxFileSize>
		</triggeringPolicy>
		<encoder>
			<pattern>[%d{ISO8601}] [%-5level] [%X{session_id}] [%X{login}] [%C{3}.%M] %m%n</pattern>
		</encoder>
	</appender>

	<!-- Log Hibernate SQL queries to file (log level must be DEBUG to enable it) -->
	<logger name="org.hibernate.SQL" additivity="false">
		<level value="debug" />
		<appender-ref ref="File" />
	</logger>

	<!-- log the param value in the prepared statement and the query result! (log level must be TRACE to enable it) -->
	<!--<logger name="org.hibernate.type"> -->
	<!--<level value="trace" /> -->
	<!-- <appender-ref ref="File"/> -->
	<!--</logger> -->

	<logger name="org.hibernate.cache.EhCacheProvider" level="error"/>
	<logger name="org.hibernate" level="warn" />
	<logger name="org.springframework.security" level="warn" />
	<logger name="org.apache.commons" level="warn" />
	<logger name="org.springframework" level="warn" />
	<logger name="org.springframework.beans.factory.support" level="warn" />

	<logger name="LOG4J" level="INFO" />
	<logger name="SLF4J" level="WARN" />
	<logger name="JCL" level="INFO" />

	<logger name="com.app.demo" level="@log.level@" />
	<logger name="com.app.demo.dao" level="warn" />
	
	<root level="warn">
		<appender-ref ref="Console" />
		<appender-ref ref="File" />
	</root>

</configuration>