/*Navicat MySQL Data TransferSource Server         : localhostSource Server Version : 50610Source Host           : localhost:3306Source Database       : appTarget Server Type    : MYSQLTarget Server Version : 50610File Encoding         : 65001Date: 2013-05-06 10:47:50*/SET FOREIGN_KEY_CHECKS=0;-- ------------------------------ Table structure for `person`-- ----------------------------DROP TABLE IF EXISTS `person`;CREATE TABLE `person` (  `ID` varchar(32) NOT NULL,  `LOGIN` varchar(255) NOT NULL,  `PASSWORD` varchar(255) NOT NULL,  `EMAIL` varchar(255) NOT NULL,  `IS_ENABLED` tinyint(1) DEFAULT NULL,  `CIVILITY` varchar(2) DEFAULT NULL,  `FIRST_NAME` varchar(255) DEFAULT NULL,  `LAST_NAME` varchar(255) DEFAULT NULL,  `BIRTH_DATE` timestamp NOT NULL DEFAULT CURRENT_TIMESTAMP ON UPDATE CURRENT_TIMESTAMP,  `VERSION` int(10) DEFAULT '0',  `PHOTO` longblob,  PRIMARY KEY (`ID`),  UNIQUE KEY `PERSON_UNIQUE_1_INDEX_8` (`LOGIN`),  UNIQUE KEY `PERSON_UNIQUE_2_INDEX_8` (`EMAIL`)) ENGINE=InnoDB DEFAULT CHARSET=latin1;-- ------------------------------ Records of person-- ----------------------------INSERT INTO `person` VALUES ('0000000000000000000000000000001', 'admin', 'admin', 'admin@example.com', '1', 'MR', 'Admin', 'Berjaya', '1998-05-05 00:00:00', '0', 0x2F396A2F34414151536B5A4A5267414241514141415141424141442F3277434541416B474277674842676B494277674B43676B4C445259504451774D445273554652415749423069496941644878386B4B4451734A4359784A7838664C5430744D5455334F6A6F364979732F52443834517A51354F6A634243676F4B4451774E47673850476A636C487955334E7A63334E7A63334E7A63334E7A63334E7A63334E7A63334E7A63334E7A63334E7A63334E7A63334E7A63334E7A63334E7A63334E7A63334E7A63334E7A63334E2F2F41414245494147384162774D4249674143455145444551482F784141634141414341674D42415141414141414141414141414141464267514841674D494151442F7841413945414142417749444251554741776345417741414141414241674D454252454145694547457A464259534A5263594752427851796F6248425174486846534E53596F4B79384352796B73496D4D364C2F7841416141514143417745424141414141414141414141414141414442414543425141472F3851414A784541416749424241494241775541414141414141414141514941417845454569457845304652496D4678425251796762482F3267414D41774541416845444551412F414C4A703952695347387948456B5734446A676F7A4333624F6F47645A4B313953667934655746656A5557464671456454436C646C5763704A30302F556A44524A6B715773744E6D7841412F71556244303150706A6C3348754748414257527477564A4B3761453665474937794E326B71793374774866307764445341674A547741734D5133325134383268504146536C65576E315079784D4D6C2F7A41376F55327A5A4A75736B414871547878716D4B44546147676530345167643972366E352F504539624A587566346E566C51384F48304E3861586F652B716151654465554454543853762B6F784D4F4C566D434E567230736C4E682F6E714D596F55515767527173456E457A3363694A49554F493368506C653332786936794646536B57374462695150357267444854764D4A477A4B393253376238495566446E6A6134436A496F6A73357370382B66726245316D494674754E636832664B77503378746A4D7479497145714E77363166547535343655613843526E493533615342727645442F414F68664544614B6A6966547A4A516E3937484B696B676171527A4879763564634670622B376973324255357170595478374931506B62596D4F50496159736B44496C5044706972414559693573596E695568575168724D456B6549777545356C584A785A6C5732545A6C716433446D55685A41484B334566496A43354A324A6E74712F644B53735957464C724B574D753648505A6C585A6464687A4A557931326E41306D7774797566714D4E6C4F6B6C352F6548554631626E703242387234522F5A506C616F4E517963557953542F414D453461646E6C5A6F4346445779516B2B4F702B2B47554F526D4F557172306868476C4D734158504C455A75616C706B754569345A54783737456E412B57365552486C647A616A38734C732B7067786F375963735845705351447271414C655048457A6870673355632F6547663270466970494B6D5743736A7548776A476D4E494474544369644653584C6543554144366E3177724D3142357964506D7374707547564943334657374949354445706C365A47454E3537636C4A5158446C75434D326E6E777842505567366248455069526E32656C7663467262556F6443556A38386552316B4A6E714E724239777031354A312F754F413337515169674C4255416B62734B36416B44375977703152553976474351432B7074436636686D5072326A696379763763344A68756A7A43367371566F53577952335861312B616361366655457453457345384A4479452B4237663659587054377365536C53486E5732317963746B32476953736362646359564E4C315071724B74345668434733465A674C334B67447738546975377145476D4250356A6330366A4D2B6258566E556D2F546A39385132705A584262373875587A476E32784567794E362F4B546651504B2B51534D52597A75536E754B5034486E666C6D4F4C79777043795A426C78584757316C314F5659736B333432302B7777524462537832466A31787A314971556F624A30346F64576C625535394E777269436C7458314A786847327A724D5A4E6B53316E784E3853486D5A634D766B5236396C5436536D7051776669536C7933714439734E327A774C564953534C465468424238626662434A374B47334656655849476A6147636975704B67522F6163574D32326C744161514C4433685678346B717747722B416A3268596E54726D624A366437466B4E66784D712B6D46476E776A76346B6E5656354953745231746131766F634E4D74307252505333386262566834327639384136302F774337554B44437052496E5665527534376E4A72385333543335516B717431474C506E48455A6133784A6D65316C44644945684A6562533034586B397078493073434F4A4855655743736B6C2B4E4451416774377453413432734B4368626B52706F63555A4569497164626A526D336B78325A4D684C535A4D6979334667717476467150456E6A3363736442557259326D6250764E4B706131494B6D796D53327369306766786C49734D774E74626337486C594A4F3463656F716451774933434B3769316F674A51346B7042444A55434F59493039517242616978536D61354B5744753246414A366C4B4D76315638734D55366C525A6A4332566F79686162456F3049376A6953307968686F49614146756D4933385172366A6375424B78327432706851354359317936746C3446787476496B493175515672495344773031506662486B6E61707571705571584366697679554A3931575368545479516F4535567055515666792B654B39714B6B4D375370716B2B495859496E4C79736B57446A6146396F5834584E376E7163573957716E443271765361644765695359426A7A51363679427579484536424F763462343557553851506B6457426D65797158437A4A64652B4E62366952652B704A4A2B767977496D7A584253717368704A4A5A626B4F43334E52756B5739546778733053337634797669617356325046524A4A2B5A74674761677A5349535A636C6C54794A556A4B74745048646B4C37583130384D4D35474D6D50757971475A754967516F3376477A715935624B6C4A6463574C4468644B4239734C616D736A705352714D5862375061625464354B5A4C725568705275796F38536E6B434F5248504348743354574932307A7A4D5A41516759585836535354785050444B4D576338522B324A70725647702B34556F46356561533866345538455838726E317758596C4A64375639643632736A757A697747413651723356455A4A50764E5363436C6B385130503048706943395632327031527362424B5576702F32744F4A2B784F474267635466727243707831474B4734465661653272564A57426279534D593750776F7238397469633361564155366D4D38654F5653436B6764436B702F3434695258502F49716767472B67576B65682F4C426B6F61637142624B79327061557251366E696C514A4149372B58726972384C6D52656F4B344D51396F396761544668556C696274445471584D615A49665334522B39462F6946794466394D4F4779444B4A56656C3157477439644F52446168526E5853624F6C4A4A57704E2B58774334346B48444C4E7073576F734A61714444623175656F736568346A47364C47596873686D4B79686C7050424461624165574567674279496753534F5A7578396A3748324C53496D31326E784B624469526B624C4C724C596B4F764957454A58755671555663447747766870695441675077573539596D424B617055557042624877734A534F796E7262556B2F706870774432766C6F68305A346B674F764A335466667278743559717144646D5851626D4378563262644C596D4F453845334A50676F2F62417262486470577A455362507845705744774469464474414476475548774A7875684F6C6D685448523854704345396548324A7749323055354C6C5135444B53744D6C6C4B644E65326D3455506D505844646F4F7A45503841715162784841794363474F57796C4C6A552B454B6F682F4D434C6C504C47695273784432746E75544733696851304977476F6B53612F4552546E586E59374A31566B566C58707142673554594B3663584759632B516844684A7343437050533547496F30746C674258675447302B6B6530426C77464847497573317266795A4D764D4E347042796B6345493443336E77364A56333452616A583831526333592F634B51746C5A4A2B4A4B6B6C4A2B74384574745954757A45783269496B42776B42626A67304B68794851573564634C6B5344446C52486C765478486653514732314E335372516B335666545541634F642B574C486744664E545561764943724C616950467574516E477A6D33385A764B542B4B37594B622B4E683634614549512B5936726B396C53416F636538487A415072697471424F564D3257706331427649674C4D527933656768545A383045442B6B34734F4C4962495138306273754A533867394C582F74755036634547444757506B6F4444342F7947346B38747153784C49422F43767677544242467877774B6C786B504D6C4B726161676E545845614C4B6B52657A66654E6A384B754977726258735032694E5A38672B38505A52636E6E6A367776666E694731564971394675427058384C6E5A78374D6E7378347A6A363345495A625356726557624A536B43354E3844556275704A34376B6831314C61626E5538674F654B466C562B7062513757564E366F71794E7779754D797767396C73425242385363747963584E54353053714D4A6B775A62556C706642787459494F4B5664434B645536342B396F567A704C79683349446967505732476C7243695830684C5863394353366874417A4252476950416C74613146536B2F6849747236714938734D4F7A63634B6E6D714A6533734654485A476136576E626A4E3632424236327854386D53354B664333447150715353666D546978505A6A46674F525856706D795066435476497948696B425041477774667A76686D6745754D5268645362484B2B6F783161706F43314B42416353624A4B5471507A78697A4C6C774845755334366D307558435376533975377978496C734E77466F6B5A573074737143776B6F427565362F584154616A6171465566646B4C756F703753576D547A7471536F6A44316C7A5632716F55624432666639526F75696659524F32396371446D3073782B717830523544707A627444715841453875306B6D2B6D424649704D3674797844706A4F2B6B4C425545584173426135756648466D7A396C4B6456716D2F4D4859336A4151456F534F79765874654E7244416950554B6237504A35596B7748706A3767336A4D70746155715343534C57504139516462384D4A5736646B3550557A48307051376D3668503256374E76302B52576F39656A71475254594564523743694172746A6B5259324238634D304A4463482F5169514370744B6E554974634E6A4E6370767A49304A48694D5678565061564E6D4F425542684C4B45574933707A4C5741623230304150446E7069773670423373655056615555715A6D4E4A6E5269675747637042635262716E74572F6C4977454D4D34454E545A574434775A4E6C567045615A536F7A3654755A655A684C6C2F6764545970422F774277754C39366575444B6D794C5A6751654237385147614842326C32655A6B4F754F4E71495334685564566C73506F307A704A35673335634467364A61475A4C6158484D376762435671793635744E666E694877567759737743325A51666D51476D6C4A6E4D4A6351346B6351564A4946384A653330742F614769546165784B625956456458766B6733442B374A30364334763544466E4E53642B6E4D675A30704A5057773773633478646E71704E327A4E466461655A58496655743445327379546D55712F437848447259644D516F5776676A4F59536F37724E7A44715770735A482F5A5778314F434541796A4843323275613346363639426D314F454B72624737537A4B54564B6736687442337269313778646C4C62624A746C36477856723334746B42716B7244434571734549514C4571566C534C63763831774C6E5669464A6B496F3035786E4E4D526B45514C4A635879796B446B52663077544845756945416E356C43514B4A55357A4564364A436464524B644C4C42412F397177435342666A5941335044544732496D7230714D3156493763754C48667A4E6F6C4A53556F583370763336634D582B56763058616D6A30783249774B556D4F347469536C476F65536D775277736A736C56755A395267765736564872477A4D716B747473427553777044514B6579685A344B386A72694F755245794E764B79675964647164546A694249654C7261446D7A472B5A524A356E456D52545371415A4C517A504E4B42534C636236483634597137734F4E68346A5651616B47614370434F303378586C4A556F6A6B6E75484C47373263546D4A3039516B7856764E6F5A797047537954626D6538345774567272414332494B78487563626E685A7844744A716134716C6C345A51764E6276372F5443483757353744736D4447533072666F5158464F4854736E533358682F6C384F54435A6361754F4B6D535338484779764F5278413049493658474B6F32327243717A585858677137546637747653335A75625931377979304B726E4C653574613173565950634452695065477833714178305A735252356C4B325770385774503778714B70546A4357314B3749556270756538584E75577654484F634A4A564D59546269346E3634757A325A5643703132695447467653464D5256626B4635784B68773041307A634C6353634A5537532B444D335468532B4448445A64324E467A77334855714C723772696C6A736B41714F55414A74594157486C67744D70366C4F72655141346C56723355654E774E4D5678572F615053715132334439304438324D764938476B5A65584E522B6D75434E56323271533967496D307445644D6633695875697738684B3869426D4241363354652F58466456585659685678783852697A41732B67383952396A5534754D6F544A557364734C7974714B516B673374636352303538384B47316C58587337732F554E6F4B343148657145685A683039684B624A536A4D5369353436356336746551417469757178375264704B7177762F5669476B4E6874516958526E76784A313436637547445874316B4B587378736F67465253346B754735346B4E6F2F4D3447726875765546645539584C6479757057323230737452584A724D7250624B464E7144656E6432625932374C767A334B395435305A3650373269596B70564C667942776932685564546539744E634C4F4A43376943774F397861766F4D535431466978505A6E5773704C3875476C447249533834426E526D436B4A506465326F36327750682B38496653513036456F56613637424938686A6E335A6232676251624E4F4A54476C475245436970555638356B714A36385235484248615832716252317452544864464D6A6C4F55747854326A6669633531486C62484D675A31664A34686C747775334575376275576B624F76786D6C4C7A75464B565A44384B43626B6B397874627A785756456266694E72636846534332347042556E782F58436A5474727178555A54444661716B7158486151513268785677447071653839546334614B5A5630732B394D74713744697773584854394D4E5562474F3167447A372B497A6F2F453346676E2F2F5A);INSERT INTO `person` VALUES ('0000000000000000000000000000002', 'user', 'user', 'user@example.com', '1', 'MR', 'User', '1', '2013-05-06 00:00:00', '0', null);INSERT INTO `person` VALUES ('0000000000000000000000000000003', 'demo', 'demo', 'demo@example.com', '1', null, null, null, '2013-05-06 06:36:26', '0', null);INSERT INTO `person` VALUES ('0000000000000000000000000000004', 'user04', 'user04', 'user04@example.com', '1', null, null, null, '2013-05-06 06:36:30', '0', null);INSERT INTO `person` VALUES ('ff8080813e78fd41013e78fec4aa0000', 'kaiz', '12345', 'kaiz@email.com', null, 'MR', 'kaiz', 'kunm', '2000-05-10 00:00:00', '0', 0x2F396A2F34414151536B5A4A5267414241514141415141424141442F3277434541416B474277674842676B494277674B43676B4C445259504451774D445273554652415749423069496941644878386B4B4451734A4359784A7838664C5430744D5455334F6A6F364979732F52443834517A51354F6A634243676F4B4451774E47673850476A636C487955334E7A63334E7A63334E7A63334E7A63334E7A63334E7A63334E7A63334E7A63334E7A63334E7A63334E7A63334E7A63334E7A63334E7A63334E7A63334E7A63334E2F2F41414245494147384162774D4249674143455145444551482F784141634141414341674D42415141414141414141414141414141464267514841674D494151442F7841413945414142417749444251554741776345417741414141414241674D454252454145694547457A464259534A5263594752427851796F6248425174486846534E53596F4B79384352796B73496D4D364C2F7841416141514143417745424141414141414141414141414141414442414543425141472F3851414A784541416749424241494241775541414141414141414141514941417845454569457845304652496D4678425251796762482F3267414D41774541416845444551412F414C4A703952695347387948456B5734446A676F7A4333624F6F47645A4B313953667934655746656A5557464671456454436C646C5763704A30302F556A44524A6B715773744E6D7841412F71556244303150706A6C3348754748414257527477564A4B3761453665474937794E326B71793374774866307764445341674A547741734D5133325134383268504146536C65576E315079784D4D6C2F7A41376F55327A5A4A75736B414871547878716D4B44546147676530345167643972366E352F504539624A587566346E566C51384F48304E3861586F652B716151654465554454543853762B6F784D4F4C566D434E567230736C4E682F6E714D596F55515767527173456E457A3363694A49554F493368506C653332786936794646536B57374462695150357267444854764D4A477A4B393253376238495566446E6A6134436A496F6A73357370382B66726245316D494674754E636832664B77503378746A4D7479497145714E77363166547535343655613843526E493533615342727645442F414F68664544614B6A6966547A4A516E3937484B696B676171527A4879763564634670622B376973324255357170595478374931506B62596D4F50496159736B44496C5044706972414559693573596E695568575168724D456B6549777545356C584A785A6C5732545A6C716433446D55685A41484B334566496A43354A324A6E74712F644B53735957464C724B574D753648505A6C585A6464687A4A557931326E41306D7774797566714D4E6C4F6B6C352F6548554631626E703242387234522F5A506C616F4E517963557953542F414D453461646E6C5A6F4346445779516B2B4F702B2B47554F526D4F557172306868476C4D734158504C455A75616C706B754569345A54783737456E412B57365552486C647A616A38734C732B7067786F375963735845705351447271414C655048457A6870673355632F6547663270466970494B6D5743736A7548776A476D4E494474544369644653584C6543554144366E3177724D3142357964506D7374707547564943334657374949354445706C365A47454E3537636C4A5158446C75434D326E6E777842505567366248455069526E32656C7663467262556F6443556A38386552316B4A6E714E724239777031354A312F754F413337515169674C4255416B62734B36416B44375977703152553976474351432B7074436636686D5072326A696379763763344A68756A7A43367371566F53577952335861312B616361366655457453457345384A4479452B4237663659587054377365536C53486E5732317963746B32476953736362646359564E4C315071724B74345668434733465A674C334B67447738546975377145476D4250356A6330366A4D2B6258566E556D2F546A39385132705A584262373875587A476E32784567794E362F4B546651504B2B51534D52597A75536E754B5034486E666C6D4F4C79777043795A426C78584757316C314F5659736B333432302B7777524462537832466A31787A314971556F624A30346F64576C625535394E777269436C7458314A786847327A724D5A4E6B53316E784E3853486D5A634D766B5236396C5436536D7051776669536C7933714439734E327A774C564953534C465468424238626662434A374B47334656655849476A6147636975704B67522F6163574D32326C744161514C4433685678346B717747722B416A3268596E54726D624A366437466B4E66784D712B6D46476E776A76346B6E5656354953745231746131766F634E4D74307252505333386262566834327639384136302F774337554B44437052496E5665527534376E4A72385333543335516B717431474C506E48455A6133784A6D65316C44644945684A6562533034586B397078493073434F4A4855655743736B6C2B4E4451416774377453413432734B4368626B52706F63555A4569497164626A526D336B78325A4D684C535A4D6979334667717476467150456E6A3363736442557259326D6250764E4B706131494B6D796D53327369306766786C49734D774E74626337486C594A4F3463656F716451774933434B3769316F674A51346B7042444A55434F59493039517242616978536D61354B5744753246414A366C4B4D76315638734D55366C525A6A4332566F79686162456F3049376A6953307968686F49614146756D4933385172366A6375424B78327432706851354359317936746C3446787476496B493175515672495344773031506662486B6E61707571705571584366697679554A3931575368545479516F4535567055515666792B654B39714B6B4D375370716B2B495859496E4C79736B57446A6146396F5834584E376E7163573957716E443271765361644765695359426A7A51363679427579484536424F763462343557553851506B6457426D65797158437A4A64652B4E62366952652B704A4A2B767977496D7A584253717368704A4A5A626B4F43334E52756B5739546778733053337634797669617356325046524A4A2B5A74674761677A5349535A636C6C54794A556A4B74745048646B4C37583130384D4D35474D6D50757971475A754967516F3376477A715935624B6C4A6463574C4468644B4239734C616D736A705352714D5862375061625464354B5A4C725568705275796F38536E6B434F5248504348743354574932307A7A4D5A41516759585836535354785050444B4D576338522B324A70725647702B34556F46356561533866345538455838726E317758596C4A64375639643632736A757A697747413651723356455A4A50764E5363436C6B385130503048706943395632327031527362424B5576702F32744F4A2B784F474267635466727243707831474B4734465661653272564A57426279534D593750776F7238397469633361564155366D4D38654F5653436B6764436B702F3434695258502F49716767472B67576B65682F4C426B6F61637142624B79327061557251366E696C514A4149372B58726972384C6D52656F4B344D51396F396761544668556C696274445471584D615A49665334522B39462F6946794466394D4F4779444B4A56656C3157477439644F52446168526E5853624F6C4A4A57704E2B58774334346B48444C4E7073576F734A61714444623175656F736568346A47364C47596873686D4B79686C7050424461624165574567674279496753534F5A7578396A3748324C53496D31326E784B624469526B624C4C724C596B4F764957454A58755671555663447747766870695441675077573539596D424B617055557042624877734A534F796E7262556B2F706870774432766C6F68305A346B674F764A335466667278743559717144646D5851626D4378563262644C596D4F453845334A50676F2F62417262486470577A455362507845705744774469464474414476475548774A7875684F6C6D685448523854704345396548324A7749323055354C6C5135444B53744D6C6C4B644E65326D3455506D505844646F4F7A45503841715162784841794363474F57796C4C6A552B454B6F682F4D434C6C504C47695273784432746E75544733696851304977476F6B53612F4552546E586E59374A31566B566C58707142673554594B3663584759632B516844684A7343437050533547496F30746C674258675447302B6B6530426C77464847497573317266795A4D764D4E347042796B6345493443336E77364A56333452616A583831526333592F634B51746C5A4A2B4A4B6B6C4A2B74384574745954757A45783269496B42776B42626A67304B68794851573564634C6B5344446C52486C765478486653514732314E335372516B335666545541634F642B574C486744664E545561764943724C616950467574516E477A6D33385A764B542B4B37594B622B4E683634614549512B5936726B396C53416F636538487A415072697471424F564D3257706331427649674C4D527933656768545A383045442B6B34734F4C4962495138306273754A533867394C582F74755036634547444757506B6F4444342F7947346B38747153784C49422F43767677544242467877774B6C786B504D6C4B726161676E545845614C4B6B52657A66654E6A384B754977726258735032694E5A38672B38505A52636E6E6A367776666E694731564971394675427058384C6E5A78374D6E7378347A6A363345495A625356726557624A536B43354E3844556275704A34376B6831314C61626E5538674F654B466C562B7062513757564E366F71794E7779754D797767396C73425242385363747963584E54353053714D4A6B775A62556C706642787459494F4B5664434B645536342B396F567A704C79683349446967505732476C7243695830684C5863394353366874417A4252476950416C74613146536B2F6849747236714938734D4F7A63634B6E6D714A6533734654485A476136576E626A4E3632424236327854386D53354B664333447150715353666D546978505A6A46674F525856706D795066435476497948696B425041477774667A76686D6745754D5268645362484B2B6F783161706F43314B42416353624A4B5471507A78697A4C6C774845755334366D307558435376533975377978496C734E77466F6B5A573074737143776B6F427565362F584154616A6171465566646B4C756F703753576D547A7471536F6A44316C7A5632716F55624432666639526F75696659524F32396371446D3073782B717830523544707A627444715841453875306B6D2B6D424649704D3674797844706A4F2B6B4C425545584173426135756648466D7A396C4B6456716D2F4D4859336A4151456F534F79765874654E7244416950554B6237504A35596B7748706A3767336A4D70746155715343534C57504139516462384D4A5736646B3550557A48307051376D3668503256374E76302B52576F39656A71475254594564523743694172746A6B5259324238634D304A4463482F5169514370744B6E554974634E6A4E6370767A49304A48694D5678565061564E6D4F425542684C4B45574933707A4C5741623230304150446E7069773670423373655056615555715A6D4E4A6E5269675747637042635262716E74572F6C4977454D4D34454E545A574434775A4E6C567045615A536F7A3654755A655A684C6C2F6764545970422F774277754C39366575444B6D794C5A6751654237385147614842326C32655A6B4F754F4E71495334685564566C73506F307A704A35673335634467364A61475A4C6158484D376762435671793635744E666E694877567759737743325A51666D51476D6C4A6E4D4A6351346B6351564A4946384A653330742F614769546165784B625956456458766B6733442B374A30364334763544466E4E53642B6E4D675A30704A5057773773633478646E71704E327A4E466461655A58496655743445327379546D55712F437848447259644D516F5776676A4F59536F37724E7A44715770735A482F5A5778314F434541796A4843323275613346363639426D314F454B72624737537A4B54564B6736687442337269313778646C4C62624A746C36477856723334746B42716B7244434571734549514C4571566C534C63763831774C6E5669464A6B496F3035786E4E4D526B45514C4A635879796B446B52663077544845756945416E356C43514B4A55357A4564364A436464524B644C4C42412F397177435342666A5941335044544732496D7230714D3156493763754C48667A4E6F6C4A53556F583370763336634D582B56763058616D6A30783249774B556D4F347469536C476F65536D775277736A736C56755A395267765736564872477A4D716B747473427553777044514B6579685A344B386A72694F755245794E764B79675964647164546A694249654C7261446D7A472B5A524A356E456D52545371415A4C517A504E4B42534C636236483634597137734F4E68346A5651616B47614370434F303378586C4A556F6A6B6E75484C47373263546D4A3039516B7856764E6F5A797047537954626D6538345774567272414332494B78487563626E685A7844744A716134716C6C345A51764E6276372F5443483757353744736D4447533072666F5158464F4854736E533358682F6C384F54435A6361754F4B6D535338484779764F5278413049493658474B6F32327243717A585858677137546637747653335A75625931377979304B726E4C653574613173565950634452695065477833714178305A735252356C4B325770385774503778714B70546A4357314B3749556270756538584E75577654484F634A4A564D59546269346E3634757A325A5643703132695447467653464D5256626B4635784B68773041307A634C6353634A5537532B444D335468532B4448445A64324E467A77334855714C723772696C6A736B41714F55414A74594157486C67744D70366C4F72655141346C56723355654E774E4D5678572F615053715132334439304438324D764938476B5A65584E522B6D75434E56323271533967496D307445644D6633695875697738684B3869426D4241363354652F58466456585659685678783852697A41732B67383952396A5534754D6F544A557364734C7974714B516B673374636352303538384B47316C58587337732F554E6F4B343148657145685A683039684B624A536A4D5369353436356336746551417469757178375264704B7177762F5669476B4E6874516958526E76784A313436637547445874316B4B587378736F67465253346B754735346B4E6F2F4D3447726875765546645539584C6479757057323230737452584A724D7250624B464E7144656E6432625932374C767A334B395435305A3650373269596B70564C667942776932685564546539744E634C4F4A43376943774F397861766F4D535431466978505A6E5773704C3875476C447249533834426E526D436B4A506465326F36327750682B38496653513036456F56613637424938686A6E335A6232676251624E4F4A54476C475245436970555638356B714A36385235484248615832716252317452544864464D6A6C4F55747854326A6669633531486C62484D675A31664A34686C747775334575376275576B624F76786D6C4C7A75464B565A44384B43626B6B397874627A785756456266694E72636846534332347042556E782F58436A5474727178555A54444661716B7158486151513268785677447071653839546334614B5A5630732B394D74713744697773584854394D4E5562474F3167447A372B497A6F2F453346676E2F2F5A);-- ------------------------------ Table structure for `person_role`-- ----------------------------DROP TABLE IF EXISTS `person_role`;CREATE TABLE `person_role` (  `PERSON_ID` varchar(32) NOT NULL,  `ROLE_ID` int(10) NOT NULL,  PRIMARY KEY (`PERSON_ID`,`ROLE_ID`),  KEY `PERSON_ROLE_FK_1_INDEX_6` (`PERSON_ID`),  KEY `PERSON_ROLE_FK_2_INDEX_6` (`ROLE_ID`),  CONSTRAINT `PERSON_ROLE_FK_1` FOREIGN KEY (`PERSON_ID`) REFERENCES `person` (`ID`),  CONSTRAINT `PERSON_ROLE_FK_2` FOREIGN KEY (`ROLE_ID`) REFERENCES `role` (`ID`)) ENGINE=InnoDB DEFAULT CHARSET=latin1;-- ------------------------------ Records of person_role-- ----------------------------INSERT INTO `person_role` VALUES ('0000000000000000000000000000001', '1');INSERT INTO `person_role` VALUES ('0000000000000000000000000000001', '2');INSERT INTO `person_role` VALUES ('0000000000000000000000000000002', '2');INSERT INTO `person_role` VALUES ('0000000000000000000000000000003', '2');INSERT INTO `person_role` VALUES ('ff8080813e78fd41013e78fec4aa0000', '2');-- ------------------------------ Table structure for `role`-- ----------------------------DROP TABLE IF EXISTS `role`;CREATE TABLE `role` (  `ID` int(10) NOT NULL AUTO_INCREMENT,  `ROLE_NAME` varchar(255) NOT NULL,  `ROLE_DESC` varchar(255) NOT NULL,  PRIMARY KEY (`ID`),  UNIQUE KEY `ROLE_UNIQUE_1_INDEX_2` (`ROLE_NAME`)) ENGINE=InnoDB AUTO_INCREMENT=12 DEFAULT CHARSET=latin1;-- ------------------------------ Records of role-- ----------------------------INSERT INTO `role` VALUES ('1', 'ROLE_ADMIN', 'ROLE_ADMIN');INSERT INTO `role` VALUES ('2', 'ROLE_USER', 'ROLE_USER');