<?xml version="1.0" encoding="UTF-8"?>
<!--
 ! (c) Copyright 2005-2013 JAXIO, http://www.jaxio.com
 ! Source code generated by Celerio, a Jaxio product
 ! Want to use Celerio within your company? email us at info@jaxio.com
 ! Follow us on twitter: @springfuse
 ! Template pack-backend-jpa:src/main/resources/META-INF/spring-persistence.p.vm.xml
-->
<persistence xmlns="http://java.sun.com/xml/ns/persistence" xmlns:xsi="http://www.w3.org/2001/XMLSchema-instance"
	xsi:schemaLocation="http://java.sun.com/xml/ns/persistence http://java.sun.com/xml/ns/persistence/persistence_2_0.xsd" version="2.0">
	<persistence-unit name="demoServiceLayerPU" transaction-type="RESOURCE_LOCAL">
		<description><![CDATA[
			Main persistence unit. 
            It is named spring-persistence.xml to prevent JBoss from picking it automatically, which would create a mess as we use Spring.
            With JBoss/Spring it is required to list the classes explicitely.
		]]></description>
		<mapping-file>META-INF/spring-orm.xml</mapping-file>
        <class>com.app.demo.domain.Person</class>
        <class>com.app.demo.domain.Role</class>
		<properties>
			<property name="hibernate.search.model_mapping" value="com.app.demo.search.SearchMappingFactory" />
		</properties>
	</persistence-unit>
</persistence>